strategy,replication,arrival_mean,batch_window,orders_completed,throughput_orders_hr,avg_distance_m,avg_flow_time_s,avg_wait_time_s,utilization,run_time_s
largest_gap,0,180.0,120.0,130,18.76,120.5,159.8,10.1,0.049,0.0
largest_gap,1,180.0,120.0,137,19.96,118.9,160.9,13.1,0.059,0.0
largest_gap,2,180.0,120.0,138,19.78,120.4,164.2,15.1,0.068,0.0
largest_gap,3,180.0,120.0,155,22.41,126.9,184.7,26.8,0.052,0.0
largest_gap,4,180.0,120.0,132,19.05,126.8,169.9,13.0,0.064,0.0
largest_gap,0,180.0,300.0,142,20.68,123.6,174.1,19.5,0.058,0.0
largest_gap,1,180.0,300.0,149,21.49,120.9,170.8,21.0,0.06,0.0
largest_gap,2,180.0,300.0,114,16.77,125.5,169.5,12.8,0.055,0.0
largest_gap,3,180.0,300.0,132,19.33,123.4,166.8,13.2,0.057,0.0
largest_gap,4,180.0,300.0,137,19.67,123.6,170.6,16.7,0.059,0.0
largest_gap,0,180.0,600.0,136,19.55,121.9,169.4,16.5,0.056,0.0
largest_gap,1,180.0,600.0,120,17.33,117.9,158.5,11.5,0.052,0.0
largest_gap,2,180.0,600.0,166,24.15,117.2,170.0,23.3,0.06,0.0
largest_gap,3,180.0,600.0,138,20.11,122.2,171.6,19.8,0.061,0.0
largest_gap,4,180.0,600.0,160,22.99,125.3,175.1,19.6,0.056,0.0
largest_gap,0,300.0,120.0,94,13.99,126.5,170.8,13.4,0.043,0.0
largest_gap,1,300.0,120.0,69,10.02,122.6,160.1,7.2,0.038,0.0
largest_gap,2,300.0,120.0,95,13.9,121.6,164.7,13.1,0.035,0.0
largest_gap,3,300.0,120.0,80,11.6,120.4,158.7,8.2,0.033,0.0
largest_gap,4,300.0,120.0,86,12.42,129.0,163.0,3.4,0.047,0.0
largest_gap,0,300.0,300.0,86,12.36,126.4,160.2,3.7,0.051,0.0
largest_gap,1,300.0,300.0,83,11.88,124.3,157.3,3.2,0.048,0.0
largest_gap,2,300.0,300.0,72,10.51,126.3,161.0,4.1,0.046,0.0
largest_gap,3,300.0,300.0,74,11.13,125.9,161.9,3.0,0.042,0.0
largest_gap,4,300.0,300.0,75,10.95,125.0,156.9,1.9,0.046,0.0
largest_gap,0,300.0,600.0,81,12.45,121.9,155.9,3.4,0.04,0.0
largest_gap,1,300.0,600.0,74,10.7,124.0,154.3,0.0,0.04,0.0
largest_gap,2,300.0,600.0,96,14.17,124.7,168.8,12.1,0.032,0.0
largest_gap,3,300.0,600.0,100,14.5,125.1,167.3,11.8,0.036,0.0
largest_gap,4,300.0,600.0,97,14.09,126.7,164.4,7.9,0.045,0.0
largest_gap,0,600.0,120.0,44,6.56,115.4,149.3,4.9,0.028,0.0
largest_gap,1,600.0,120.0,49,7.2,117.6,150.7,4.4,0.03,0.0
largest_gap,2,600.0,120.0,48,7.24,120.5,153.0,1.5,0.032,0.0
largest_gap,3,600.0,120.0,49,7.71,114.4,143.4,0.2,0.028,0.0
largest_gap,4,600.0,120.0,49,7.22,128.9,163.9,2.8,0.029,0.0
largest_gap,0,600.0,300.0,39,5.85,122.9,157.7,4.1,0.028,0.0
largest_gap,1,600.0,300.0,40,5.85,128.3,160.0,0.0,0.029,0.0
largest_gap,2,600.0,300.0,35,5.31,121.7,153.0,2.9,0.028,0.0
largest_gap,3,600.0,300.0,58,8.46,118.9,150.0,1.3,0.035,0.0
largest_gap,4,600.0,300.0,37,5.38,123.2,154.3,0.9,0.03,0.0
largest_gap,0,600.0,600.0,29,4.25,120.6,150.6,0.0,0.026,0.0
largest_gap,1,600.0,600.0,39,5.78,127.2,157.1,0.0,0.03,0.0
largest_gap,2,600.0,600.0,34,5.21,120.0,148.4,0.0,0.025,0.0
largest_gap,3,600.0,600.0,49,7.17,126.7,159.4,2.6,0.034,0.0
largest_gap,4,600.0,600.0,40,6.73,122.7,152.4,0.0,0.027,0.0
batch_lg,0,180.0,120.0,134,19.21,98.6,242.4,59.6,0.013,0.0
batch_lg,1,180.0,120.0,128,18.39,99.7,244.1,59.5,0.01,0.0
batch_lg,2,180.0,120.0,138,19.93,99.6,247.4,61.7,0.011,0.0
batch_lg,3,180.0,120.0,139,20.29,96.3,262.5,60.5,0.011,0.0
batch_lg,4,180.0,120.0,129,18.51,103.0,254.3,58.7,0.012,0.0
batch_lg,0,180.0,300.0,133,19.03,74.7,381.2,151.0,0.013,0.0
batch_lg,1,180.0,300.0,152,22.01,71.5,384.6,149.9,0.012,0.0
batch_lg,2,180.0,300.0,121,17.7,82.5,384.4,156.6,0.013,0.0
batch_lg,3,180.0,300.0,151,21.67,70.7,394.5,145.5,0.011,0.0
batch_lg,4,180.0,300.0,141,20.24,79.0,387.9,154.1,0.012,0.0
batch_lg,0,180.0,600.0,136,19.8,49.4,597.6,297.8,0.015,0.0
batch_lg,1,180.0,600.0,114,16.97,57.6,593.8,311.0,0.018,0.0
batch_lg,2,180.0,600.0,165,24.29,41.1,609.1,304.5,0.017,0.0
batch_lg,3,180.0,600.0,133,19.68,50.9,601.8,303.3,0.014,0.0
batch_lg,4,180.0,600.0,154,22.46,46.4,591.4,279.0,0.016,0.0
batch_lg,0,300.0,120.0,91,13.69,102.6,259.0,64.4,0.01,0.0
batch_lg,1,300.0,120.0,84,12.38,109.2,234.5,58.7,0.013,0.0
batch_lg,2,300.0,120.0,89,12.95,106.0,234.8,56.8,0.011,0.0
batch_lg,3,300.0,120.0,74,10.75,106.5,231.7,62.3,0.01,0.0
batch_lg,4,300.0,120.0,84,12.34,104.4,246.7,54.2,0.012,0.0
batch_lg,0,300.0,300.0,78,11.28,99.5,348.3,143.8,0.012,0.0
batch_lg,1,300.0,300.0,87,12.79,87.2,382.2,156.5,0.013,0.0
batch_lg,2,300.0,300.0,81,12.34,85.9,375.5,156.3,0.01,0.0
batch_lg,3,300.0,300.0,67,9.71,96.6,354.9,152.0,0.012,0.0
batch_lg,4,300.0,300.0,82,11.81,91.1,374.3,167.8,0.01,0.0
batch_lg,0,300.0,600.0,79,12.14,65.9,537.2,289.3,0.012,0.0
batch_lg,1,300.0,600.0,65,9.45,80.9,508.5,287.2,0.016,0.0
batch_lg,2,300.0,600.0,88,13.27,67.7,549.4,292.7,0.018,0.0
batch_lg,3,300.0,600.0,95,13.77,60.8,559.5,289.0,0.021,0.0
batch_lg,4,300.0,600.0,94,13.65,66.9,602.2,315.9,0.013,0.0
batch_lg,0,600.0,120.0,44,6.63,99.0,225.5,54.6,0.01,0.0
batch_lg,1,600.0,120.0,47,6.88,110.3,217.7,60.3,0.008,0.0
batch_lg,2,600.0,120.0,42,6.31,114.3,233.6,65.0,0.01,0.0
batch_lg,3,600.0,120.0,36,5.3,104.3,203.9,57.2,0.008,0.0
batch_lg,4,600.0,120.0,52,8.21,113.3,251.4,70.8,0.01,0.0
batch_lg,0,600.0,300.0,51,8.0,99.0,355.1,151.4,0.027,0.0
batch_lg,1,600.0,300.0,38,5.63,112.4,340.8,157.4,0.009,0.0
batch_lg,2,600.0,300.0,35,5.21,114.5,325.1,157.5,0.009,0.0
batch_lg,3,600.0,300.0,44,6.66,94.5,328.2,147.7,0.011,0.0
batch_lg,4,600.0,300.0,36,5.44,119.2,338.9,165.0,0.014,0.0
batch_lg,0,600.0,600.0,34,5.1,104.5,408.2,210.6,0.01,0.0
batch_lg,1,600.0,600.0,37,5.6,88.0,530.3,300.2,0.01,0.0
batch_lg,2,600.0,600.0,34,5.11,96.4,513.2,312.0,0.012,0.0
batch_lg,3,600.0,600.0,53,7.86,85.0,514.3,293.6,0.016,0.0
batch_lg,4,600.0,600.0,45,6.73,94.4,523.5,296.9,0.011,0.0
