strategy,replication,arrival_mean,num_pickers,orders_completed,throughput_orders_hr,avg_distance_m,avg_flow_time_s,avg_wait_time_s,utilization,run_time_s
s_shape,0,180.0,1,128,18.51,136.6,466.4,300.6,0.014,0.0
s_shape,1,180.0,1,134,19.51,134.5,638.1,474.6,0.041,0.0
s_shape,2,180.0,1,136,19.54,134.6,769.2,605.7,0.029,0.0
s_shape,3,180.0,1,143,20.52,143.3,1830.7,1656.6,0.026,0.0
s_shape,4,180.0,1,130,18.73,143.7,545.5,371.6,0.047,0.0
s_shape,0,180.0,2,142,20.66,141.9,199.4,26.6,0.061,0.0
s_shape,1,180.0,2,149,21.49,135.2,191.0,27.0,0.052,0.0
s_shape,2,180.0,2,113,16.74,142.0,189.4,16.3,0.056,0.0
s_shape,3,180.0,2,132,19.31,140.4,191.3,20.7,0.063,0.0
s_shape,4,180.0,2,137,19.67,139.6,190.8,20.9,0.057,0.0
s_shape,0,300.0,1,82,11.74,138.8,273.5,104.4,0.047,0.0
s_shape,1,300.0,1,77,11.06,131.7,254.6,94.2,0.041,0.0
s_shape,2,300.0,1,95,14.22,134.4,277.5,113.5,0.044,0.0
s_shape,3,300.0,1,82,11.77,140.1,269.4,98.8,0.052,0.0
s_shape,4,300.0,1,101,14.84,139.9,339.2,169.1,0.04,0.0
s_shape,0,300.0,2,94,13.97,139.1,188.0,18.0,0.043,0.0
s_shape,1,300.0,2,69,10.02,138.7,177.5,8.4,0.033,0.0
s_shape,2,300.0,2,95,13.9,136.2,182.4,16.3,0.036,0.0
s_shape,3,300.0,2,80,11.6,139.1,180.1,10.9,0.034,0.0
s_shape,4,300.0,2,86,12.41,141.6,176.5,4.3,0.046,0.0
s_shape,0,600.0,1,43,6.31,142.6,192.4,20.2,0.032,0.0
s_shape,1,600.0,1,32,4.59,129.5,185.2,27.6,0.025,0.0
s_shape,2,600.0,1,37,5.42,142.9,204.9,30.6,0.028,0.0
s_shape,3,600.0,1,38,5.71,146.2,201.6,22.8,0.034,0.0
s_shape,4,600.0,1,33,4.83,145.3,198.9,22.3,0.027,0.0
s_shape,0,600.0,2,40,5.79,142.1,173.6,0.0,0.035,0.0
s_shape,1,600.0,2,35,5.15,147.2,180.2,0.0,0.027,0.0
s_shape,2,600.0,2,48,7.1,146.6,188.9,10.9,0.027,0.0
s_shape,3,600.0,2,50,7.34,147.1,185.5,8.1,0.028,0.0
s_shape,4,600.0,2,49,7.49,137.7,169.8,3.2,0.029,0.0
largest_gap,0,180.0,1,128,18.52,120.7,343.3,193.4,0.038,0.0
largest_gap,1,180.0,1,136,19.74,119.2,391.8,243.5,0.043,0.0
largest_gap,2,180.0,1,138,19.78,120.4,542.3,393.1,0.033,0.0
largest_gap,3,180.0,1,152,21.75,126.8,769.4,611.5,0.036,0.0
largest_gap,4,180.0,1,131,18.9,126.9,342.6,185.5,0.059,0.0
largest_gap,0,180.0,2,142,20.68,123.6,174.1,19.5,0.058,0.0
largest_gap,1,180.0,2,149,21.49,120.9,170.8,21.0,0.06,0.0
largest_gap,2,180.0,2,114,16.77,125.5,169.5,12.8,0.055,0.0
largest_gap,3,180.0,2,132,19.33,123.4,166.8,13.2,0.053,0.0
largest_gap,4,180.0,2,137,19.67,123.6,170.6,16.7,0.049,0.0
largest_gap,0,300.0,1,82,11.75,119.4,216.8,67.2,0.045,0.0
largest_gap,1,300.0,1,77,11.06,117.5,212.2,66.0,0.035,0.0
largest_gap,2,300.0,1,95,14.22,116.0,233.0,87.5,0.042,0.0
largest_gap,3,300.0,1,83,11.88,125.8,232.7,76.5,0.044,0.0
largest_gap,4,300.0,1,101,14.88,125.7,262.9,106.9,0.04,0.0
largest_gap,0,300.0,2,94,13.99,126.5,170.8,13.4,0.043,0.0
largest_gap,1,300.0,2,69,10.02,122.6,160.1,7.2,0.035,0.0
largest_gap,2,300.0,2,95,13.9,121.6,164.7,13.1,0.031,0.0
largest_gap,3,300.0,2,80,11.6,120.4,158.7,8.2,0.033,0.0
largest_gap,4,300.0,2,86,12.42,129.0,163.0,3.4,0.043,0.0
largest_gap,0,600.0,1,43,6.32,123.5,170.3,17.2,0.028,0.0
largest_gap,1,600.0,1,32,4.59,115.7,164.9,21.1,0.025,0.0
largest_gap,2,600.0,1,37,5.43,128.1,186.1,26.5,0.029,0.0
largest_gap,3,600.0,1,38,5.71,130.3,181.2,18.4,0.028,0.0
largest_gap,4,600.0,1,33,4.83,131.0,180.4,18.1,0.025,0.0
largest_gap,0,600.0,2,40,5.79,122.2,153.7,0.0,0.025,0.0
largest_gap,1,600.0,2,35,5.15,133.2,166.2,0.0,0.025,0.0
largest_gap,2,600.0,2,48,7.1,125.4,165.9,9.0,0.02,0.0
largest_gap,3,600.0,2,50,7.35,128.7,165.3,6.3,0.025,0.0
largest_gap,4,600.0,2,49,7.5,125.2,157.1,3.0,0.027,0.0
genetic,0,180.0,1,128,18.51,130.4,423.3,263.8,0.015,0.3
genetic,1,180.0,1,135,19.63,128.7,497.7,339.8,0.019,0.4
genetic,2,180.0,1,136,19.56,130.9,674.6,514.8,0.025,0.4
genetic,3,180.0,1,148,21.2,137.7,1473.9,1305.3,0.018,0.4
genetic,4,180.0,1,130,18.71,139.2,480.5,311.1,0.028,0.4
genetic,0,180.0,2,142,20.66,141.5,198.9,26.4,0.029,0.4
genetic,1,180.0,2,149,21.51,130.8,185.3,25.6,0.031,0.4
genetic,2,180.0,2,113,16.75,135.4,181.8,15.3,0.026,0.3
genetic,3,180.0,2,132,19.3,134.3,181.2,16.7,0.028,0.4
genetic,4,180.0,2,137,19.67,137.3,186.3,18.7,0.028,0.4
genetic,0,300.0,1,82,11.75,135.5,270.7,105.0,0.026,0.2
genetic,1,300.0,1,77,11.06,131.5,259.3,99.1,0.024,0.2
genetic,2,300.0,1,95,14.24,128.4,260.0,102.0,0.021,0.3
genetic,3,300.0,1,82,11.78,137.6,265.4,97.4,0.021,0.2
genetic,4,300.0,1,101,14.82,137.6,332.2,164.3,0.021,0.3
genetic,0,300.0,2,94,13.97,139.4,187.6,17.2,0.022,0.2
genetic,1,300.0,2,69,10.01,137.3,176.2,8.6,0.024,0.2
genetic,2,300.0,2,95,13.91,135.3,182.5,17.2,0.019,0.2
genetic,3,300.0,2,80,11.61,137.2,177.8,10.5,0.022,0.2
genetic,4,300.0,2,86,12.42,140.5,175.3,4.2,0.019,0.2
genetic,0,600.0,1,43,6.3,135.8,183.2,17.7,0.022,0.1
genetic,1,600.0,1,32,4.6,124.5,181.2,28.6,0.022,0.1
genetic,2,600.0,1,37,5.42,143.5,204.4,29.4,0.022,0.1
genetic,3,600.0,1,38,5.71,144.1,201.3,24.7,0.022,0.1
genetic,4,600.0,1,33,4.82,140.4,191.6,19.9,0.019,0.1
genetic,0,600.0,2,40,5.79,137.0,168.5,0.0,0.022,0.1
genetic,1,600.0,2,35,5.16,145.9,178.9,0.0,0.024,0.1
genetic,2,600.0,2,48,7.1,143.6,187.0,11.9,0.021,0.1
genetic,3,600.0,2,50,7.34,142.7,179.8,6.8,0.027,0.1
genetic,4,600.0,2,49,7.5,132.9,165.2,3.4,0.044,0.1
hybrid_ga,0,180.0,1,128,18.54,128.3,384.8,227.2,0.033,0.3
hybrid_ga,1,180.0,1,136,19.73,124.2,443.6,290.4,0.047,0.4
hybrid_ga,2,180.0,1,137,19.73,126.7,630.8,475.3,0.026,0.3
hybrid_ga,3,180.0,1,150,21.54,134.5,1290.8,1125.4,0.027,0.4
hybrid_ga,4,180.0,1,130,18.77,136.3,447.1,280.7,0.036,0.3
hybrid_ga,0,180.0,2,142,20.66,138.1,195.0,25.9,0.059,0.4
hybrid_ga,1,180.0,2,149,21.51,127.9,181.2,24.4,0.038,0.4
hybrid_ga,2,180.0,2,113,16.76,134.7,180.1,14.2,0.027,0.3
hybrid_ga,3,180.0,2,132,19.33,131.5,177.1,15.5,0.032,0.3
hybrid_ga,4,180.0,2,137,19.68,132.9,181.6,18.3,0.035,0.4
hybrid_ga,0,300.0,1,82,11.75,131.6,253.4,91.6,0.032,0.2
hybrid_ga,1,300.0,1,77,11.05,126.7,243.4,88.0,0.027,0.2
hybrid_ga,2,300.0,1,95,14.24,127.1,256.8,100.2,0.037,0.2
hybrid_ga,3,300.0,1,83,11.87,133.2,255.0,91.5,0.042,0.2
hybrid_ga,4,300.0,1,101,14.83,133.1,308.4,145.0,0.028,0.3
hybrid_ga,0,300.0,2,94,13.97,134.9,182.5,16.8,0.023,0.2
hybrid_ga,1,300.0,2,69,10.02,131.7,169.3,7.2,0.022,0.2
hybrid_ga,2,300.0,2,95,13.91,129.0,173.7,14.7,0.024,0.2
hybrid_ga,3,300.0,2,80,11.6,132.0,171.7,9.6,0.028,0.2
hybrid_ga,4,300.0,2,86,12.42,137.8,172.0,3.6,0.049,0.2
hybrid_ga,0,600.0,1,43,6.31,134.1,181.0,17.2,0.033,0.1
hybrid_ga,1,600.0,1,32,4.6,125.3,184.1,30.6,0.024,0.1
hybrid_ga,2,600.0,1,37,5.42,136.3,193.4,25.7,0.022,0.1
hybrid_ga,3,600.0,1,38,5.71,140.6,196.1,22.9,0.024,0.1
hybrid_ga,4,600.0,1,33,4.83,139.0,190.5,20.2,0.022,0.1
hybrid_ga,0,600.0,2,40,5.79,133.4,164.9,0.0,0.025,0.1
hybrid_ga,1,600.0,2,35,5.16,140.4,173.4,0.0,0.015,0.1
hybrid_ga,2,600.0,2,48,7.1,138.8,180.2,10.0,0.024,0.1
hybrid_ga,3,600.0,2,50,7.35,138.9,175.8,6.5,0.029,0.1
hybrid_ga,4,600.0,2,49,7.5,129.9,161.9,3.2,0.033,0.1
